{"url":"https:\/\/crm.agrachoff.ru\/rest\/29\/sex0vh7wpi4jv53r\/tasks.task.list.json","info":{"url":"https:\/\/crm.agrachoff.ru\/rest\/29\/sex0vh7wpi4jv53r\/tasks.task.list.json","content_type":"application\/json; charset=utf-8","http_code":200,"header_size":625,"request_size":206,"filetime":-1,"ssl_verify_result":0,"redirect_count":0,"total_time":0.453063,"namelookup_time":0.000628,"connect_time":0.060874,"pretransfer_time":0.141053,"size_upload":234,"size_download":1951,"speed_download":4306,"speed_upload":516,"download_content_length":1951,"upload_content_length":234,"starttransfer_time":0.141057,"redirect_time":0,"redirect_url":"","primary_ip":"188.68.204.227","certinfo":[],"primary_port":443,"local_ip":"192.168.31.252","local_port":57982,"http_version":3,"protocol":2,"ssl_verifyresult":0,"scheme":"HTTPS","appconnect_time_us":140995,"connect_time_us":60874,"namelookup_time_us":628,"pretransfer_time_us":141053,"redirect_time_us":0,"starttransfer_time_us":141057,"total_time_us":453063},"params":{"method":"tasks.task.list","params":{"select":["TITLE","DESCRIPTION","CREATED_DATE","CLOSED_DATE","DEADLINE","STATUS","SUB_STATUS"],"filter":{"UF_CRM_TASK":"Tb5_159","UF_AUTO_848556474336":true}}},"result":{"result":{"tasks":[{"title":"\u0412\u044b\u0432\u043e\u0434\u0438\u043c Laravel!","description":"\u041a\u0430\u043a \u043f\u0440\u0438\u043d\u044f\u0442\u043e \u0441\u0447\u0438\u0442\u0430\u0442\u044c, \u0430\u043a\u0446\u0438\u043e\u043d\u0435\u0440\u044b \u043a\u0440\u0443\u043f\u043d\u0435\u0439\u0448\u0438\u0445 \u043a\u043e\u043c\u043f\u0430\u043d\u0438\u0439 \u0441\u043c\u0435\u0448\u0430\u043d\u044b \u0441 \u043d\u0435 \u0443\u043d\u0438\u043a\u0430\u043b\u044c\u043d\u044b\u043c\u0438 \u0434\u0430\u043d\u043d\u044b\u043c\u0438 \u0434\u043e \u0441\u0442\u0435\u043f\u0435\u043d\u0438 \u0441\u043e\u0432\u0435\u0440\u0448\u0435\u043d\u043d\u043e\u0439 \u043d\u0435\u0443\u0437\u043d\u0430\u0432\u0430\u0435\u043c\u043e\u0441\u0442\u0438, \u0438\u0437-\u0437\u0430 \u0447\u0435\u0433\u043e \u0432\u043e\u0437\u0440\u0430\u0441\u0442\u0430\u0435\u0442 \u0438\u0445 \u0441\u0442\u0430\u0442\u0443\u0441 \u0431\u0435\u0441\u043f\u043e\u043b\u0435\u0437\u043d\u043e\u0441\u0442\u0438. \u0415\u0441\u0442\u044c \u043d\u0430\u0434 \u0447\u0435\u043c \u0437\u0430\u0434\u0443\u043c\u0430\u0442\u044c\u0441\u044f: \u0431\u0430\u0437\u043e\u0432\u044b\u0435 \u0441\u0446\u0435\u043d\u0430\u0440\u0438\u0438 \u043f\u043e\u0432\u0435\u0434\u0435\u043d\u0438\u044f \u043f\u043e\u043b\u044c\u0437\u043e\u0432\u0430\u0442\u0435\u043b\u0435\u0439 \u043f\u0440\u0435\u0434\u0441\u0442\u0430\u0432\u043b\u044f\u044e\u0442 \u0441\u043e\u0431\u043e\u0439 \u043d\u0435 \u0447\u0442\u043e \u0438\u043d\u043e\u0435, \u043a\u0430\u043a \u043a\u0432\u0438\u043d\u0442\u044d\u0441\u0441\u0435\u043d\u0446\u0438\u044e \u043f\u043e\u0431\u0435\u0434\u044b \u043c\u0430\u0440\u043a\u0435\u0442\u0438\u043d\u0433\u0430 \u043d\u0430\u0434 \u0440\u0430\u0437\u0443\u043c\u043e\u043c \u0438 \u0434\u043e\u043b\u0436\u043d\u044b \u0431\u044b\u0442\u044c \u043f\u0440\u0438\u0437\u0432\u0430\u043d\u044b \u043a \u043e\u0442\u0432\u0435\u0442\u0443. \u0417\u0430\u0434\u0430\u0447\u0430 \u043e\u0440\u0433\u0430\u043d\u0438\u0437\u0430\u0446\u0438\u0438, \u0432 \u043e\u0441\u043e\u0431\u0435\u043d\u043d\u043e\u0441\u0442\u0438 \u0436\u0435 \u043f\u043e\u0441\u0442\u043e\u044f\u043d\u043d\u044b\u0439 \u043a\u043e\u043b\u0438\u0447\u0435\u0441\u0442\u0432\u0435\u043d\u043d\u044b\u0439 \u0440\u043e\u0441\u0442 \u0438 \u0441\u0444\u0435\u0440\u0430 \u043d\u0430\u0448\u0435\u0439 \u0430\u043a\u0442\u0438\u0432\u043d\u043e\u0441\u0442\u0438 \u0441\u043e\u0437\u0434\u0430\u0451\u0442 \u043d\u0435\u043e\u0431\u0445\u043e\u0434\u0438\u043c\u043e\u0441\u0442\u044c \u0432\u043a\u043b\u044e\u0447\u0435\u043d\u0438\u044f \u0432 \u043f\u0440\u043e\u0438\u0437\u0432\u043e\u0434\u0441\u0442\u0432\u0435\u043d\u043d\u044b\u0439 \u043f\u043b\u0430\u043d \u0446\u0435\u043b\u043e\u0433\u043e \u0440\u044f\u0434\u0430 \u0432\u043d\u0435\u043e\u0447\u0435\u0440\u0435\u0434\u043d\u044b\u0445 \u043c\u0435\u0440\u043e\u043f\u0440\u0438\u044f\u0442\u0438\u0439 \u0441 \u0443\u0447\u0451\u0442\u043e\u043c \u043a\u043e\u043c\u043f\u043b\u0435\u043a\u0441\u0430 \u044d\u043a\u043e\u043d\u043e\u043c\u0438\u0447\u0435\u0441\u043a\u043e\u0439 \u0446\u0435\u043b\u0435\u0441\u043e\u043e\u0431\u0440\u0430\u0437\u043d\u043e\u0441\u0442\u0438 \u043f\u0440\u0438\u043d\u0438\u043c\u0430\u0435\u043c\u044b\u0445 \u0440\u0435\u0448\u0435\u043d\u0438\u0439!\r\n\r\n\u0417\u0430\u043c\u0435\u0442\u043a\u0438 \u043f\u0440\u043e\u0433\u0440\u0430\u043c\u043c\u0438\u0441\u0442\u0430:\r\n\u0439\u0446\u0443\u0439\u0446\u0443","createdDate":"2024-10-18T16:48:13+03:00","closedDate":null,"deadline":"2024-10-21T18:00:00+03:00","id":"40260","descriptionInBbcode":"Y","status":"3","group":[],"subStatus":"-3"},{"title":"Test","description":"qweqweqweqw\r\n\r\n\u0417\u0430\u043c\u0435\u0442\u043a\u0438 \u043f\u0440\u043e\u0433\u0440\u0430\u043c\u043c\u0438\u0441\u0442\u0430:\r\n\u0439\u0446\u0443\u0439\u0446\u0443","createdDate":"2024-10-21T15:04:41+03:00","closedDate":null,"deadline":"2024-01-11T18:00:00+03:00","id":"40640","descriptionInBbcode":"Y","status":"2","group":[],"subStatus":"-1"}]},"total":2,"time":{"start":1729512883.302824,"finish":1729512883.540189,"duration":0.2373650074005127,"processing":0.20235300064086914,"date_start":"2024-10-21T15:14:43+03:00","date_finish":"2024-10-21T15:14:43+03:00"}}}